timestamp,pair,price,volume,high_24h,low_24h,symbol,change_24h,change_pct_24h,bid,ask,spread,source,quality_score
2025-05-29 13:57:39.180478,1INCHUSD,0.2414,65185.28101421,0.2436,0.2287,1INCH,0.0040000000000000036,1.6849199663016023,0.2408,0.2411,0.00030000000000002247,kraken,0.8
2025-05-29 13:57:39.180478,AAVEUSD,257.92,12880.4176413,274.29,257.06,AAVE,-7.079999999999984,-2.6716981132075412,257.74,257.75,0.009999999999990905,kraken,0.8
2025-05-29 13:57:39.180478,ACAUSD,0.03198,67929.90941236,0.03303,0.02875,ACA,0.0011300000000000025,3.6628849270664587,0.03056,0.03214,0.0015800000000000015,kraken,0.8
2025-05-29 13:57:39.180478,ACHUSD,0.02354,3943745.17648317,0.02424,0.0231,ACH,-0.00016000000000000042,-0.6751054852320694,0.02356,0.02358,1.9999999999999185e-05,kraken,0.8
2025-05-29 13:57:39.180478,ACTUSD,0.06124,312328.96027,0.06421,0.05989,ACT,-0.001469999999999999,-2.3441237442194214,0.06072,0.06096,0.00023999999999999716,kraken,0.8
2025-05-29 13:57:39.180478,ACUSD,0.2164,18970.3289,0.2277,0.2164,AC,-0.0069999999999999785,-3.1333930170098383,0.217,0.2175,0.0005000000000000004,kraken,0.8
2025-05-29 13:57:39.180478,ADAUSD,0.744925,8102625.34987919,0.764965,0.73293,ADA,-0.002690000000000081,-0.359810865218071,0.744436,0.744437,1.0000000000287557e-06,kraken,0.8
2025-05-29 13:57:39.180478,ADACUSD,0.744969,568502.61096126,0.764231,0.733201,ADAC,-0.0022199999999999998,-0.2971135817042274,0.744969,0.745958,0.0009890000000000176,kraken,0.8
2025-05-29 13:57:39.180478,ADATUSD,0.744484,274893.68232537,0.764006,0.73305,ADAT,-0.0037880000000000136,-0.5062330275621717,0.743739,0.744216,0.0004769999999999497,kraken,0.8
2025-05-29 13:57:39.180478,ADUSD,0.10364,22740.51515632,0.1094,0.10364,AD,-0.004839999999999997,-4.461651917404128,0.10242,0.10485,0.0024300000000000016,kraken,0.8
2025-05-29 13:57:39.180478,AEROUSD,0.5828,132662.90137,0.6095,0.5652,AERO,-0.0040000000000000036,-0.6816632583503756,0.5812,0.5834,0.0021999999999999797,kraken,0.8
2025-05-29 13:57:39.180478,AEVOUSD,0.1103,107402.94756,0.1165,0.1102,AEVO,-0.003799999999999998,-3.330411919368973,0.1106,0.1108,0.00019999999999999185,kraken,0.8
2025-05-29 13:57:39.180478,AGLDUSD,0.8962,465.27155891,0.914,0.8887,AGLD,-0.01739999999999997,-1.9045534150612928,0.8865,0.9073,0.02080000000000004,kraken,0.8
2025-05-29 13:57:39.180478,AI16USD,0.2821,2057688.56119,0.3125,0.2814,AI16,-0.017600000000000005,-5.87253920587254,0.2835,0.2836,0.0001000000000000445,kraken,0.8
2025-05-29 13:57:39.180478,AI16CUSD,0.2854,128301.26474,0.307,0.2848,AI16C,-0.014900000000000024,-4.96170496170497,0.2834,0.2836,0.00020000000000003348,kraken,0.8
2025-05-29 13:57:39.180478,AI16TUSD,0.2824,103963.1879,0.309,0.2815,AI16T,-0.02360000000000001,-7.712418300653598,0.2833,0.2835,0.00019999999999997797,kraken,0.8
2025-05-29 13:57:39.180478,AIRUSD,0.00696,498843.57931796,0.0073,0.00696,AIR,-6.000000000000016e-05,-0.8547008547008569,0.00696,0.00707,0.00010999999999999985,kraken,0.8
2025-05-29 13:57:39.180478,AIBTUSD,0.2252,1056452.59211,0.2476,0.2232,AIBT,-0.010199999999999987,-4.333050127442646,0.2254,0.2258,0.00040000000000001146,kraken,0.8
2025-05-29 13:57:39.180478,AKTUSD,1.4257,163579.9391438,1.5028,1.4216,AKT,-0.04800000000000004,-3.257107959557579,1.4366,1.4375,0.0008999999999999009,kraken,0.8
2025-05-29 13:57:39.180478,ALCHUSD,0.13211,5989.72462,0.13807,0.13046,ALCH,0.0014000000000000123,1.0710733685257534,0.1324,0.1338,0.0014000000000000123,kraken,0.8
2025-05-29 13:57:39.180478,ALCUSD,10.04,254.43315834,10.38,9.87,ALC,-0.20000000000000107,-1.9531250000000104,10.06,10.09,0.02999999999999936,kraken,0.8
2025-05-29 13:57:39.180478,ALGOUSD,0.21489,2681218.29980056,0.22311,0.21229,ALGO,-0.0028900000000000037,-1.327027275231887,0.21469,0.21473,4.000000000001225e-05,kraken,0.8
2025-05-29 13:57:39.180478,ALGOCUSD,0.2148,61704.09240837,0.22284,0.21287,ALGOC,-0.002380000000000021,-1.0958651809558988,0.2144,0.21484,0.00043999999999999595,kraken,0.8
2025-05-29 13:57:39.180478,ALGOTUSD,0.2146,61766.17857925,0.22262,0.21241,ALGOT,-0.004629999999999995,-2.1119372348674883,0.21444,0.21465,0.00021000000000001573,kraken,0.8
2025-05-29 13:57:39.180478,ALICEUSD,0.476,525.14725539,0.4866,0.4546,ALICE,-0.010599999999999998,-2.178380600082203,0.4731,0.4794,0.006299999999999972,kraken,0.8
2025-05-29 13:57:39.180478,ALPHAUSD,0.02845,36724.12062309,0.02985,0.028,ALPHA,-0.0010000000000000009,-3.395585738539901,0.02835,0.02841,6.0000000000001025e-05,kraken,0.8
2025-05-29 13:57:39.180478,ALTUSD,0.03125,165518.66885,0.03324,0.03065,ALT,-0.0015099999999999975,-4.609279609279602,0.03116,0.03125,8.99999999999998e-05,kraken,0.8
2025-05-29 13:57:39.180478,ANKRUSD,0.0178,377591.0528442,0.01822,0.0175,ANKR,-0.00023000000000000104,-1.2756516916250749,0.01784,0.01787,2.9999999999998778e-05,kraken,0.8
2025-05-29 13:57:39.180478,ANLOGUSD,0.001493,1848146.46451,0.001565,0.001493,ANLOG,-6.300000000000012e-05,-4.048843187660676,0.001493,0.001504,1.0999999999999942e-05,kraken,0.8
2025-05-29 13:57:39.180478,ANONUSD,5.175,6773.54664,5.828,5.047,ANON,-0.14000000000000057,-2.6340545625588065,5.175,5.239,0.06400000000000006,kraken,0.8
2025-05-29 13:57:39.180478,APEUSD,0.71,252316.1752216,0.7357,0.6904,APE,-0.0041999999999999815,-0.5880705684682136,0.7095,0.7098,0.00029999999999996696,kraken,0.8
2025-05-29 13:57:39.180478,APECUSD,0.7197,8293.69731746,0.7343,0.6972,APEC,-0.0040000000000000036,-0.5527152134862516,0.709,0.7106,0.0016000000000000458,kraken,0.8
2025-05-29 13:57:39.180478,APETUSD,0.7084,27463.69081503,0.7323,0.6935,APET,-0.008499999999999952,-1.1856604826335544,0.7061,0.7131,0.007000000000000006,kraken,0.8
2025-05-29 13:57:39.180478,API3USD,0.806,43324.01383219,0.835,0.773,API3,-0.006000000000000005,-0.738916256157636,0.804,0.805,0.0010000000000000009,kraken,0.8
2025-05-29 13:57:39.180478,APTUSD,5.3399,85214.28750623,5.5757,5.2373,APT,-0.09009999999999962,-1.6593001841620558,5.3279,5.3325,0.0045999999999999375,kraken,0.8
2025-05-29 13:57:39.180478,APUUSD,0.0002069,521028816.98582,0.0002224,0.0002051,APU,-4.300000000000023e-06,-2.0359848484848597,0.0002057,0.0002068,1.0999999999999996e-06,kraken,0.8
2025-05-29 13:57:39.180478,ARBUSD,0.4133,1025069.74196,0.441,0.3899,ARB,0.0028000000000000247,0.6820950060901401,0.4138,0.4139,9.999999999998899e-05,kraken,0.8
2025-05-29 13:57:39.180478,ARCUSD,0.05309,443348.7875,0.05769,0.05182,ARC,-0.0026499999999999996,-4.754216002870469,0.05219,0.05285,0.0006600000000000009,kraken,0.8
2025-05-29 13:57:39.180478,ARKMUSD,0.6492,72447.87254,0.6949,0.6395,ARKM,-0.017299999999999982,-2.595648912228054,0.6504,0.6513,0.0009000000000000119,kraken,0.8
2025-05-29 13:57:39.180478,ARPAUSD,0.02489,203044.17608407,0.02575,0.02489,ARPA,-0.0007000000000000027,-2.7354435326299438,0.02492,0.02496,3.999999999999837e-05,kraken,0.8
2025-05-29 13:57:39.180478,ARUSD,7.36,5437.3656,7.75,7.2,AR,-0.1200000000000001,-1.6042780748663115,7.36,7.42,0.05999999999999961,kraken,0.8
2025-05-29 13:57:39.180478,ASTRUSD,0.02879,890573.11868428,0.0302,0.0285,ASTR,-0.0006600000000000009,-2.2410865874363357,0.0287,0.02873,2.9999999999998778e-05,kraken,0.8
2025-05-29 13:57:39.180478,ATHUSD,0.05057,2981311.8528,0.05273,0.04949,ATH,-0.0003500000000000031,-0.6873527101335488,0.05045,0.05052,7.000000000000062e-05,kraken,0.8
2025-05-29 13:57:39.180478,ATLASUSD,0.00123,2512869.84271985,0.001243,0.00121,ATLAS,1.2000000000000075e-05,0.9852216748768535,0.001221,0.001231,1.0000000000000026e-05,kraken,0.8
2025-05-29 13:57:39.180478,ATOMUSD,4.81,93906.32853459,4.9172,4.6458,ATOM,-0.036599999999999966,-0.7551685717822798,4.8068,4.8103,0.0034999999999998366,kraken,0.8
2025-05-29 13:57:39.180478,ATOMCUSD,4.827,574.00347946,4.91,4.6524,ATOMC,-0.015500000000000291,-0.3200826019618026,4.8011,4.8188,0.017700000000000493,kraken,0.8
2025-05-29 13:57:39.180478,ATOMTUSD,4.8142,1994.18052044,4.9073,4.6499,ATOMT,-0.045900000000000496,-0.9444250118310425,4.8047,4.8094,0.004699999999999704,kraken,0.8
2025-05-29 13:57:39.180478,AUCTIONUSD,11.826,510.72805,11.903,11.52,AUCTION,0.027000000000001023,0.22883295194508876,11.744,11.763,0.019000000000000128,kraken,0.8
2025-05-29 13:57:39.180478,AUDIOUSD,0.0745,225168.98843522,0.0891,0.0742,AUDIO,-0.0010000000000000009,-1.3245033112582794,0.0743,0.0748,0.0005000000000000004,kraken,0.8
2025-05-29 13:57:39.180478,AUDUSD,0.64429,1360110.42508489,0.64646,0.64071,AUD,0.0022800000000000598,0.3551346552234482,0.6437,0.64388,0.00017999999999995797,kraken,0.8
2025-05-29 13:57:39.180478,AVAAIUSD,0.05063,1168533.7697,0.05669,0.04966,AVAAI,-0.002029999999999997,-3.854918344094184,0.05029,0.0505,0.00021000000000000185,kraken,0.8
2025-05-29 13:57:39.180478,AVAUSD,23.1,72089.97873555,24.34,22.8,AVA,-0.5,-2.11864406779661,23.04,23.05,0.010000000000001563,kraken,0.8
2025-05-29 13:57:39.180478,AVACUSD,23.08,1457.35908106,24.3,22.81,AVAC,-0.5600000000000023,-2.3688663282572007,23.03,23.07,0.03999999999999915,kraken,0.8
2025-05-29 13:57:39.180478,AVATUSD,23.09,3663.72183957,24.33,22.82,AVAT,-0.5199999999999996,-2.2024565861922896,23.03,23.04,0.00999999999999801,kraken,0.8
2025-05-29 13:57:39.180478,ASUSD,2.862,10627.96054779,2.962,2.773,AS,-0.016999999999999904,-0.5904828065300418,2.861,2.862,0.0009999999999998899,kraken,0.8
2025-05-29 13:57:39.180478,B3USD,0.003829,51056679.42975,0.004751,0.003701,B3,-0.0003119999999999998,-7.53441197778314,0.003824,0.00387,4.6000000000000034e-05,kraken,0.8
2025-05-29 13:57:39.180478,BABYUSD,0.07903,270301.19173,0.08119,0.07705,BABY,0.00021999999999999797,0.27915239182844553,0.07845,0.07878,0.00032999999999999696,kraken,0.8
2025-05-29 13:57:39.180478,BADGERUSD,1.173,7690.9554952,1.202,1.154,BADGER,-0.02499999999999991,-2.086811352253749,1.174,1.175,0.001000000000000112,kraken,0.8
2025-05-29 13:57:39.180478,BALUSD,1.144,6287.70776855,1.191,1.127,BAL,-0.016000000000000014,-1.3793103448275876,1.145,1.148,0.0029999999999998916,kraken,0.8
2025-05-29 13:57:39.180478,BANANAS31USD,0.006632,1581063.14884,0.007193,0.006227,BANANAS31,7.499999999999955e-05,1.143815769406734,0.006654,0.006708,5.400000000000023e-05,kraken,0.8
2025-05-29 13:57:39.180478,BANDUSD,0.737,4460.71418226,0.76,0.726,BAND,-0.014000000000000012,-1.8641810918774986,0.73,0.731,0.0010000000000000009,kraken,0.8
2025-05-29 13:57:39.180478,BATUSD,0.14084,90525.77471122,0.14438,0.13879,BAT,-0.0012500000000000011,-0.8797241185164342,0.14098,0.14099,1.0000000000010001e-05,kraken,0.8
2025-05-29 13:57:39.180478,BCHUSD,413.13,2598.83073316,428.09,404.55,BCH,-11.579999999999984,-2.726566362929996,412.93,413.2,0.2699999999999818,kraken,0.8
2025-05-29 13:57:39.180478,BCHCUSD,414.76,9.01819701,427.95,405.0,BCHC,-13.189999999999998,-3.0821357635237754,411.64,415.42,3.7800000000000296,kraken,0.8
2025-05-29 13:57:39.180478,BCHTUSD,415.62,133.13392139,427.43,405.55,BCHT,-8.409999999999968,-1.983350234653201,412.92,413.31,0.38999999999998636,kraken,0.8
2025-05-29 13:57:39.180478,BEAMUSD,0.00772,13908735.4452,0.00781,0.00722,BEAM,0.00014000000000000037,1.8469656992084482,0.00775,0.00779,4.0000000000000105e-05,kraken,0.8
2025-05-29 13:57:39.180478,BERAUSD,2.857,10624.90835,2.952,2.74,BERA,-0.009999999999999787,-0.3487966515521377,2.813,2.816,0.0029999999999996696,kraken,0.8
2025-05-29 13:57:39.180478,BERACUSD,2.862,138.20929,2.936,2.749,BERAC,-0.028999999999999915,-1.003113109650637,2.811,2.819,0.008000000000000007,kraken,0.8
2025-05-29 13:57:39.180478,BERATUSD,2.842,1341.86335,2.936,2.755,BERAT,-0.09399999999999986,-3.2016348773841914,2.81,2.817,0.007000000000000117,kraken,0.8
2025-05-29 13:57:39.180478,BICOUSD,0.1174,101890.62594621,0.1197,0.1115,BICO,-0.0002999999999999947,-0.2548853016142691,0.1162,0.1165,0.0003000000000000086,kraken,0.8
2025-05-29 13:57:39.180478,BIGTIMEUSD,0.072,25125.64066,0.0735,0.0706,BIGTIME,-0.0009000000000000119,-1.234567901234584,0.0712,0.0713,0.00010000000000000286,kraken,0.8
2025-05-29 13:57:39.180478,BIOUSD,0.0803,72616.68747,0.0856,0.0766,BIO,-0.00020000000000000573,-0.24844720496895123,0.0801,0.0807,0.0005999999999999894,kraken,0.8
2025-05-29 13:57:39.180478,BITUSD,0.7899,4715.44298633,0.7923,0.7122,BIT,0.07430000000000003,10.382895472330915,0.7667,0.7899,0.0232,kraken,0.8
2025-05-29 13:57:39.180478,BLURUSD,0.1002,118356.15557,0.1044,0.0992,BLUR,-0.0032999999999999974,-3.188405797101447,0.0998,0.0999,0.00010000000000000286,kraken,0.8
2025-05-29 13:57:39.180478,BLUSD,0.03951,529655.05906733,0.04124,0.03866,BL,0.00011000000000000593,0.27918781725889835,0.03932,0.03954,0.00021999999999999797,kraken,0.8
2025-05-29 13:57:39.180478,BMTUSD,0.11343,935977.17388,0.1145,0.09382,BMT,0.014980000000000007,15.215845606907067,0.11321,0.11337,0.00015999999999999348,kraken,0.8
2025-05-29 13:57:39.180478,BNBUSD,684.76,386.18598,690.9,680.9,BNB,-2.1499999999999773,-0.3129958801007377,684.87,685.06,0.18999999999994088,kraken,0.8
2025-05-29 13:57:39.180478,BNBCUSD,689.96,26.30673,690.56,679.54,BNBC,0.7000000000000455,0.1015581928445065,684.34,686.79,2.449999999999932,kraken,0.8
2025-05-29 13:57:39.180478,BNBTUSD,686.59,25.61701,689.86,679.43,BNBT,-2.839999999999918,-0.41193449661313236,682.16,686.59,4.430000000000064,kraken,0.8
2025-05-29 13:57:39.180478,BNCUSD,0.1512,12814.2541918,0.1557,0.1501,BNC,-0.0025000000000000022,-1.6265452179570605,0.1511,0.1524,0.0012999999999999956,kraken,0.8
2025-05-29 13:57:39.180478,BNTUSD,0.7297,14096.5153472,0.7543,0.6934,BNT,0.0050000000000000044,0.6899406651028017,0.7123,0.7152,0.0028999999999999027,kraken,0.8
2025-05-29 13:57:39.180478,BOBAUSD,0.0988,75886.79417205,0.1004,0.0968,BOBA,0.00020000000000000573,0.2028397565922979,0.0985,0.0988,0.0002999999999999947,kraken,0.8
2025-05-29 13:57:39.180478,BODENUSD,0.003068,4232264.86362,0.003166,0.003002,BODEN,-1.1000000000000159e-05,-0.3572588502760688,0.003095,0.00314,4.49999999999999e-05,kraken,0.8
2025-05-29 13:57:39.180478,BONDUSD,0.2814,44715.76806781,0.2901,0.2572,BOND,0.016699999999999993,6.30902908953532,0.2817,0.2873,0.005599999999999994,kraken,0.8
2025-05-29 13:57:39.180478,BRICKUSD,0.01416,287872.69981,0.0155,0.01375,BRICK,-0.0008699999999999992,-5.78842315369261,0.01418,0.01441,0.0002299999999999993,kraken,0.8
2025-05-29 13:57:39.180478,C98USD,0.0613,8777.77646343,0.0639,0.0576,C98,-0.002599999999999998,-4.068857589984347,0.0603,0.0609,0.0006000000000000033,kraken,0.8
2025-05-29 13:57:39.180478,CAKEUSD,2.698,5481.11817,2.866,2.601,CAKE,-0.0030000000000001137,-0.11106997408367693,2.72,2.791,0.07099999999999973,kraken,0.8
2025-05-29 13:57:39.180478,CELOUSD,0.3669,487250.98262,0.3857,0.3598,CELO,-0.007000000000000006,-1.872158331104575,0.3674,0.3678,0.00040000000000001146,kraken,0.8
2025-05-29 13:57:39.180478,CELRUSD,0.009541,593310.9332559,0.009927,0.009349,CELR,-0.00016800000000000148,-1.7303532804614428,0.009468,0.009509,4.099999999999937e-05,kraken,0.8
2025-05-29 13:57:39.180478,CFGUSD,0.2211,424152.1273508,0.228,0.2074,CFG,0.004799999999999999,2.2191400832177526,0.2214,0.2217,0.0002999999999999947,kraken,0.8
2025-05-29 13:57:39.180478,CHRUSD,0.0952,655310.37161344,0.0997,0.0941,CHR,-0.0020999999999999908,-2.1582733812949546,0.0951,0.0954,0.0002999999999999947,kraken,0.8
2025-05-29 13:57:39.180478,CHUSD,0.04345,901862.73646739,0.04494,0.04261,CH,-0.0008499999999999966,-1.9187358916478479,0.04325,0.04328,3.0000000000002247e-05,kraken,0.8
2025-05-29 13:57:39.180478,CLANKERUSD,29.99,102.44786,35.89,29.99,CLANKER,-1.8200000000000003,-5.721471235460548,29.12,33.98,4.859999999999996,kraken,0.6400000000000001
2025-05-29 13:57:39.180478,CLOUDUSD,0.1242,2083507.0981,0.1243,0.0891,CLOUD,0.03480000000000001,38.926174496644315,0.1241,0.1242,0.00010000000000000286,kraken,0.8
2025-05-29 13:57:39.180478,CLVUSD,0.02691,124937.21651744,0.02737,0.02681,CLV,-0.00011999999999999858,-0.4439511653718039,0.02682,0.02689,7.000000000000062e-05,kraken,0.8
2025-05-29 13:57:39.180478,COMPUSD,42.62,1173.3727606,43.87,41.61,COMP,-0.1700000000000017,-0.39728908623510567,42.58,42.6,0.020000000000003126,kraken,0.8
2025-05-29 13:57:39.180478,COOKIEUSD,0.244,561900.26476,0.26246,0.23973,COOKIE,-0.008690000000000031,-3.438996398749468,0.24247,0.24381,0.0013400000000000079,kraken,0.8
2025-05-29 13:57:39.180478,CORNUSD,0.0709,55860.66414,0.0752,0.0674,CORN,0.0007000000000000062,0.997150997151006,0.0688,0.0693,0.0005000000000000004,kraken,0.8
2025-05-29 13:57:39.180478,COTIUSD,0.0687,870445.30662453,0.0716,0.0677,COTI,-0.000800000000000009,-1.1510791366906603,0.0688,0.069,0.00020000000000000573,kraken,0.8
2025-05-29 13:57:39.180478,COWUSD,0.4638,62957.18241,0.489,0.4223,COW,0.020499999999999963,4.624407850214293,0.4624,0.4633,0.0009000000000000119,kraken,0.8
2025-05-29 13:57:39.180478,CPOOLUSD,0.14247,1643214.51985,0.15304,0.14247,CPOOL,-0.004409999999999997,-3.002450980392155,0.14249,0.14325,0.0007599999999999829,kraken,0.8
2025-05-29 13:57:39.180478,CQTUSD,0.00316,432219.35095758,0.00324,0.0031,CQT,5.000000000000013e-05,1.6077170418006475,0.00313,0.00316,3.000000000000008e-05,kraken,0.8
2025-05-29 13:57:39.180478,CROUSD,0.09692,192975.51568,0.09892,0.09597,CRO,-0.000789999999999999,-0.8085149933476605,0.09688,0.09705,0.00017000000000000348,kraken,0.8
2025-05-29 13:57:39.180478,CROCUSD,0.09774,10488.80311,0.09811,0.09616,CROC,-0.00032000000000000084,-0.32633081786661317,0.0969,0.09704,0.00014000000000000123,kraken,0.8
2025-05-29 13:57:39.180478,CROTUSD,0.09702,4752.32999,0.09866,0.09602,CROT,-0.0011000000000000038,-1.1210762331838602,0.09694,0.09812,0.0011800000000000005,kraken,0.8
2025-05-29 13:57:39.180478,CRVUSD,0.7478,2427668.71930221,0.8032,0.7343,CRV,-0.015799999999999925,-2.0691461498166484,0.7463,0.7466,0.000300000000000078,kraken,0.8
2025-05-29 13:57:39.180478,CSMUSD,0.003771,427997.87631513,0.003771,0.003112,CSM,0.0003340000000000001,9.717777131219089,0.003222,0.003735,0.000513,kraken,0.6400000000000001
2025-05-29 13:57:39.180478,CTSIUSD,0.0725,57904.37980316,0.0758,0.0717,CTSI,-0.0023999999999999994,-3.204272363150867,0.0722,0.0724,0.00020000000000000573,kraken,0.8
2025-05-29 13:57:39.180478,CVCUSD,0.1391,78585.7144272,0.1585,0.1364,CVC,-0.0012000000000000066,-0.855310049893091,0.1385,0.1398,0.0012999999999999956,kraken,0.8
2025-05-29 13:57:39.180478,CVUSD,3.204,59973.20964535,3.433,3.186,CV,-0.09799999999999986,-2.967898243488791,3.202,3.211,0.008999999999999897,kraken,0.8
2025-05-29 13:57:39.180478,CTUSD,0.9995,19151781.13161666,0.9998,0.9993,CT,-9.999999999998899e-05,-0.010004001600639153,0.9995,0.9996,9.999999999998899e-05,kraken,0.8
2025-05-29 13:57:39.180478,CYBERUSD,1.44,893.88789,1.507,1.412,CYBER,-0.037000000000000144,-2.505077860528107,1.429,1.442,0.0129999999999999,kraken,0.8
2025-05-29 13:57:39.180478,DAIUSD,1.0,374174.00696957,1.0,0.99954,DAI,9.99999999995449e-06,0.0010000100000954499,0.99988,0.99999,0.0001100000000000545,kraken,0.8
2025-05-29 13:57:39.180478,DAITUSD,0.99959,54863.51902812,1.00034,0.99947,DAIT,-0.0001100000000000545,-0.01100330099030254,0.99956,0.99984,0.00027999999999994696,kraken,0.8
2025-05-29 13:57:39.180478,DASHUSD,23.535,3144.85129831,24.228,23.372,DASH,-0.28500000000000014,-1.1964735516372802,23.564,23.593,0.028999999999999915,kraken,0.8
2025-05-29 13:57:39.180478,DBRUSD,0.01521,424939.39275,0.01547,0.01517,DBR,-4.0000000000000105e-05,-0.2622950819672138,0.01517,0.01518,1.0000000000001327e-05,kraken,0.8
2025-05-29 13:57:39.180478,DEGENUSD,0.005438,988444.45003,0.005712,0.005266,DEGEN,-0.00027399999999999994,-4.796918767507002,0.005261,0.005282,2.1000000000000185e-05,kraken,0.8
2025-05-29 13:57:39.180478,DENTUSD,0.0008313,11213557.78862777,0.0008606,0.000804,DENT,-5.099999999999961e-06,-0.609756097560971,0.0008247,0.0008276,2.899999999999908e-06,kraken,0.8
2025-05-29 13:57:39.180478,DOGSUSD,0.0001808,29217058.68757,0.0001951,0.0001808,DOGS,-1.2799999999999986e-05,-6.611570247933877,0.0001807,0.0001808,1.0000000000000243e-07,kraken,0.8
2025-05-29 13:57:39.180478,DOLOUSD,0.055,126.36362,0.055,0.055,DOLO,0.0,0.0,0.04018,0.055,0.01482,kraken,0.6400000000000001
2025-05-29 13:57:39.180478,DOTUSD,4.5134,207629.78969601,4.6798,4.4198,DOT,-0.07600000000000051,-1.655989889745947,4.515,4.5166,0.001600000000000712,kraken,0.8
2025-05-29 13:57:39.180478,DOTCUSD,4.51,62198.3661658,4.6761,4.4222,DOTC,-0.08999999999999986,-1.956521739130432,4.5123,4.524,0.011700000000000266,kraken,0.8
2025-05-29 13:57:39.180478,DOTTUSD,4.5257,33674.3144134,4.6755,4.4234,DOTT,-0.0484,-1.05813165431451,4.5133,4.5161,0.0027999999999996916,kraken,0.8
2025-05-29 13:57:39.180478,DRIFTUSD,0.7267,153834.0211,0.7382,0.6583,DRIFT,0.03510000000000002,5.075187969924815,0.7184,0.7197,0.0012999999999999678,kraken,0.8
2025-05-29 13:57:39.180478,DRVUSD,0.02278,1527858.15268,0.02659,0.02205,DRV,-0.0014199999999999977,-5.867768595041313,0.02275,0.023,0.0002500000000000002,kraken,0.8
2025-05-29 13:57:39.180478,DUCKUSD,0.002651,1338592.099,0.002688,0.002633,DUCK,-5.999999999999929e-06,-0.22581859239743804,0.002593,0.002605,1.2000000000000292e-05,kraken,0.8
2025-05-29 13:57:39.180478,DYDUSD,0.622,58653.43567768,0.656,0.61,DYD,-0.014000000000000012,-2.201257861635222,0.6223,0.6232,0.0009000000000000119,kraken,0.8
2025-05-29 13:57:39.180478,DYMUSD,0.3366,25752.75903,0.3647,0.3366,DYM,-0.018199999999999994,-5.129650507328071,0.3376,0.3391,0.0015000000000000013,kraken,0.8
2025-05-29 13:57:39.180478,EDGEUSD,0.11812,2385919.34569,0.12143,0.11183,EDGE,0.003030000000000005,2.6327222173950866,0.11787,0.11803,0.00015999999999999348,kraken,0.8
2025-05-29 13:57:39.180478,EGLDUSD,17.6,3108.67343955,18.36,17.6,EGLD,-0.4399999999999977,-2.43902439024389,17.62,17.64,0.019999999999999574,kraken,0.8
2025-05-29 13:57:39.180478,EIGENUSD,1.652,375746.51128,1.8,1.457,EIGEN,0.050999999999999934,3.1855090568394715,1.649,1.65,0.0009999999999998899,kraken,0.8
2025-05-29 13:57:39.180478,ELUSD,0.1263,295150.12861,0.1297,0.1216,EL,-0.0002999999999999947,-0.2369668246445456,0.1262,0.1263,9.999999999998899e-05,kraken,0.8
2025-05-29 13:57:39.180478,ENAUSD,0.3836,5151961.73168,0.4124,0.3727,ENA,-0.006800000000000028,-1.7418032786885318,0.3839,0.3842,0.00029999999999996696,kraken,0.8
2025-05-29 13:57:39.180478,ENJUSD,0.0869,240927.54584787,0.0916,0.0856,ENJ,-0.0013999999999999985,-1.5855039637599075,0.0867,0.0869,0.00020000000000000573,kraken,0.8
2025-05-29 13:57:39.180478,ENSUSD,23.64,8919.45913996,25.27,22.58,ENS,-0.03999999999999915,-0.16891891891891533,23.73,23.75,0.019999999999999574,kraken,0.8
2025-05-29 13:57:39.180478,EOSUSD,0.7435,4303012.12975649,0.7812,0.7261,EOS,-0.014599999999999946,-1.9258672998285116,0.7449,0.7484,0.0034999999999999476,kraken,0.8
2025-05-29 13:57:39.180478,EOSCUSD,0.7367,86346.05911686,0.7791,0.6495,EOSC,-0.028699999999999948,-3.749673373399523,0.7364,0.7503,0.013899999999999912,kraken,0.8
2025-05-29 13:57:39.180478,EOSTUSD,0.7487,35374.78835244,0.7721,0.7307,EOST,-0.005799999999999916,-0.7687210072895847,0.7428,0.7533,0.010499999999999954,kraken,0.8
2025-05-29 13:57:39.180478,ETCUSD,18.444,9280.08613843,19.196,18.01,ETC,-0.0259999999999998,-0.14076881429344776,18.451,18.469,0.018000000000000682,kraken,0.8
2025-05-29 13:57:39.180478,ETHFIUSD,1.3849,218774.43353,1.5422,1.309,ETHFI,0.0017000000000000348,0.1229034123770991,1.3737,1.3812,0.007500000000000062,kraken,0.8
2025-05-29 13:57:39.180478,ETHPYUSD,2609.39,0.00582372,2609.39,2609.39,ETHPY,0.0,0.0,2575.72,2793.93,218.21000000000004,kraken,0.6400000000000001
2025-05-29 13:57:39.180478,ETHUSD,1.689,3818.92754608,1.754,1.654,ETH,-0.014999999999999902,-0.8802816901408393,1.685,1.687,0.0020000000000000018,kraken,0.8
2025-05-29 13:57:39.180478,ETHCUSD,2671.7,2426.67461191,2786.55,2614.63,ETHC,-10.480000000000018,-0.390726945991694,2667.43,2668.69,1.2600000000002183,kraken,0.8
2025-05-29 13:57:39.180478,ETHTUSD,2668.82,4295.37594826,2787.16,2613.87,ETHT,-12.179999999999836,-0.454308093994772,2665.87,2667.02,1.150000000000091,kraken,0.8
2025-05-29 13:57:39.180478,EULUSD,9.201,1648.44610103,9.646,8.9,EUL,-0.030999999999998806,-0.3357885615251171,9.186,9.36,0.1739999999999995,kraken,0.8
2025-05-29 13:57:39.180478,EUROPUSD,1.134,3720.50292,1.1342,1.1245,EUROP,0.00749999999999984,0.665778961384806,1.1338,1.1357,0.0019000000000000128,kraken,0.8
2025-05-29 13:57:39.180478,EUROPCUSD,1.128,4.9246,1.128,1.128,EUROPC,0.0,0.0,1.1338,1.1357,0.0019000000000000128,kraken,0.8
2025-05-29 13:57:39.180478,EURQUSD,1.1193,1032.41629,1.1492,1.1132,EURQ,-0.023700000000000054,-2.0734908136482986,1.1209,1.1364,0.01550000000000007,kraken,0.8
2025-05-29 13:57:39.180478,EURRUSD,1.122,897.21192,1.132,1.122,EURR,-9.999999999998899e-05,-0.008911861687905621,1.132,1.1359,0.0039000000000000146,kraken,0.8
2025-05-29 13:57:39.180478,EURRCUSD,1.1215,5243.25005,1.1285,1.1215,EURRC,-0.010000000000000009,-0.883782589482988,1.1325,1.1345,0.0020000000000000018,kraken,0.8
2025-05-29 13:57:39.180478,EURRTUSD,1.1335,3220.37872,1.165,1.1004,EURRT,0.0,0.0,1.132,1.134,0.0020000000000000018,kraken,0.8
2025-05-29 13:57:39.180478,EURTUSD,1.1376,2787.3549,1.1552,1.1001,EURT,0.03049999999999997,2.7549453527233285,1.1006,1.1332,0.03259999999999996,kraken,0.8
2025-05-29 13:57:39.180478,EURTTUSD,1.1323,956.0254,1.1497,1.1323,EURTT,0.0,0.0,1.1001,1.1386,0.03849999999999998,kraken,0.8
2025-05-29 13:57:39.180478,EURUSD,1.13426,29340183.30674368,1.13562,1.1222,EUR,0.01092000000000004,0.9721010557800881,1.13434,1.13439,5.0000000000105516e-05,kraken,0.8
2025-05-29 13:57:39.180478,EWTUSD,1.867,32525.59732366,1.888,1.826,EWT,0.0129999999999999,0.7011866235167151,1.871,1.874,0.0030000000000001137,kraken,0.8
2025-05-29 13:57:39.180478,FARMUSD,30.68,218.67334368,32.38,30.48,FARM,-0.7699999999999996,-2.4483306836248,30.4,31.19,0.7900000000000027,kraken,0.8
2025-05-29 13:57:39.180478,FARTCOINUSD,1.2636,6252631.21834,1.3422,1.2203,FARTCOIN,-0.03249999999999997,-2.5075225677031074,1.2662,1.2666,0.00039999999999995595,kraken,0.8
2025-05-29 13:57:39.180478,FARTCOINCUSD,1.2778,37694.54303,1.3391,1.2332,FARTCOINC,-0.024699999999999944,-1.8963531669865599,1.265,1.2682,0.0032000000000000917,kraken,0.8
2025-05-29 13:57:39.180478,FARTCOINTUSD,1.2653,78845.42878,1.3352,1.2236,FARTCOINT,-0.018899999999999917,-1.4717333748637218,1.2659,1.2674,0.0015000000000000568,kraken,0.8
2025-05-29 13:57:39.180478,FETUSD,0.8807,2313966.4817278,0.9307,0.8586,FET,-0.03399999999999992,-3.7170657046025934,0.8787,0.8791,0.00039999999999995595,kraken,0.8
2025-05-29 13:57:39.180478,FHEUSD,0.09306,68155.72737,0.09482,0.09176,FHE,0.0008800000000000058,0.9546539379475003,0.09286,0.09399,0.001130000000000006,kraken,0.8
2025-05-29 13:57:39.180478,FIDAUSD,0.0828,99004.65705617,0.0866,0.0815,FIDA,-0.0016000000000000042,-1.895734597156403,0.0827,0.0829,0.00020000000000000573,kraken,0.8
2025-05-29 13:57:39.180478,FILUSD,2.813,30106.80599978,2.947,2.761,FIL,-0.054999999999999716,-1.9177126917712592,2.822,2.823,0.0009999999999998899,kraken,0.8
2025-05-29 13:57:39.180478,FISUSD,0.1745,349068.69511352,0.199,0.1556,FIS,0.0006999999999999784,0.402761795166846,0.1746,0.1772,0.002599999999999991,kraken,0.8
2025-05-29 13:57:39.180478,FLOKIUSD,0.00010128,1827977481.4888756,0.00010758,9.833e-05,FLOKI,-1.5399999999999886e-06,-1.497763081112613,0.00010115,0.0001013,1.499999999999901e-07,kraken,0.8
2025-05-29 13:57:39.180478,FLOWUSD,0.3985,52127.35982532,0.4143,0.3903,FLOW,-0.0043999999999999595,-1.0920824025812756,0.3976,0.3982,0.0005999999999999894,kraken,0.8
2025-05-29 13:57:39.180478,FLRUSD,0.01824,11299377.62908992,0.01869,0.01806,FLR,-0.0002699999999999994,-1.4586709886547782,0.01822,0.01824,1.9999999999999185e-05,kraken,0.8
2025-05-29 13:57:39.180478,FLUUSD,0.2572,59037.16275,0.2693,0.2552,FLU,-0.006599999999999995,-2.5018953752843043,0.2572,0.2573,9.999999999998899e-05,kraken,0.8
2025-05-29 13:57:39.180478,FORTHUSD,2.537,1034.491171,2.578,2.494,FORTH,-0.006000000000000227,-0.2359418010224234,2.552,2.558,0.005999999999999783,kraken,0.8
2025-05-29 13:57:39.180478,FSUSD,3.127,25995.35810323,3.272,3.127,FS,-0.09100000000000019,-2.8278433809819825,3.125,3.129,0.0040000000000000036,kraken,0.8
2025-05-29 13:57:39.180478,CADUSD,1.38111,1868999.682546,1.3876,1.37782,CAD,-0.005679999999999907,-0.4095789557178742,1.38145,1.38235,0.0008999999999999009,kraken,0.8
2025-05-29 13:57:39.180478,CAUDUSD,1.552,1340111.13320145,1.5598,1.5472,CAUD,-0.0043999999999999595,-0.28270367514777434,1.5528,1.5531,0.00029999999999996696,kraken,0.8
2025-05-29 13:57:39.180478,CCADUSD,1.3818,1196364.76768693,1.3872,1.3763,CCAD,-0.0040000000000000036,-0.2886419396738349,1.3798,1.382,0.0021999999999999797,kraken,0.8
2025-05-29 13:57:39.180478,CCHFUSD,0.8244,1087841.52107504,0.8344,0.824,CCHF,-0.009199999999999986,-1.1036468330134341,0.8245,0.825,0.0004999999999999449,kraken,0.8
2025-05-29 13:57:39.180478,CEURUSD,0.8813,115654019.09589252,0.8909,0.8803,CEUR,-0.008700000000000041,-0.977528089887645,0.8813,0.8814,9.999999999998899e-05,kraken,0.8
2025-05-29 13:57:39.180478,CGBPUSD,0.7411,4962420.22978678,0.7449,0.7403,CGBP,-0.0036000000000000476,-0.48341614072781625,0.741,0.7411,9.999999999998899e-05,kraken,0.8
2025-05-29 13:57:39.180478,CHFUSD,0.82446,907590.84251569,0.83547,0.82388,CHF,-0.008130000000000082,-0.9764710121428412,0.82448,0.82508,0.0006000000000000449,kraken,0.8
2025-05-29 13:57:39.180478,CUSD,0.9998,40999348.55146625,0.9998,0.9996,C,0.0,0.0,0.9997,0.9998,9.999999999998899e-05,kraken,0.8
2025-05-29 13:57:39.180478,DEURUSD,0.8813,3391.46109,0.889,0.8813,DEUR,-0.00770000000000004,-0.866141732283469,0.8811,0.8891,0.008000000000000007,kraken,0.8
2025-05-29 13:57:39.180478,DUSD,1.0,3481.74123,1.0009,0.999,D,0.00029999999999996696,0.030009002700806937,1.0,1.001,0.0009999999999998899,kraken,0.8
2025-05-29 13:57:39.180478,BTPYUSD,107568.2,0.02277892,112238.0,106409.5,BTPY,-779.5,-0.7194430523213691,107374.2,107957.2,583.0,kraken,0.8
2025-05-29 13:57:39.180478,BTUSD,107847.1,864.77649282,108888.0,106805.1,BT,35.40000000000873,0.032835026254115954,107847.0,107847.1,0.10000000000582077,kraken,0.8
2025-05-29 13:57:39.180478,BTCUSD,107900.0,79.23703643,108949.94,106917.38,BTC,82.44000000000233,0.0764624983166029,107794.78,107810.49,15.710000000006403,kraken,0.8
2025-05-29 13:57:39.180478,BTQUSD,107817.7,0.2312611,108857.8,107091.7,BTQ,-154.0,-0.14262996692651872,107846.9,107857.7,10.80000000000291,kraken,0.8
2025-05-29 13:57:39.180478,BTRUSD,109034.0,0.00556634,109034.0,109034.0,BTR,0.0,0.0,107888.2,108046.2,158.0,kraken,0.8
2025-05-29 13:57:39.180478,BTTUSD,107800.1,66.09277389,108867.0,106871.9,BTT,14.700000000011642,0.01363821074098314,107800.0,107800.1,0.10000000000582077,kraken,0.8
2025-05-29 13:57:39.180478,CNUSD,0.01806,30148370.02317573,0.01855,0.01801,CN,-0.0002599999999999998,-1.4192139737991256,0.01804,0.01805,9.999999999999593e-06,kraken,0.8
2025-05-29 13:57:39.180478,DGUSD,0.222,46368616.22073257,0.228143,0.2167322,DG,0.0010363999999999929,0.46903652909347643,0.2218866,0.2219555,6.890000000001062e-05,kraken,0.8
2025-05-29 13:57:39.180478,DGCUSD,0.222,2856669.08378579,0.22775,0.21629,DGC,0.0005199999999999927,0.23478417915838568,0.22143,0.22242,0.0009900000000000186,kraken,0.8
2025-05-29 13:57:39.180478,DGTUSD,0.22218,4132984.20325386,0.22764,0.21731,DGT,0.0011799999999999866,0.5339366515837043,0.22183,0.22191,7.999999999999674e-05,kraken,0.8
2025-05-29 13:57:39.180478,ECUSD,55.04,15689.00669571,55.91,49.9,EC,1.6700000000000017,3.129098744613082,55.12,55.2,0.0800000000000054,kraken,0.8
2025-05-29 13:57:39.180478,EREBROUSD,0.0376,3317501.15949,0.0395,0.0354,EREBRO,-0.00030000000000000165,-0.7915567282321943,0.0377,0.0378,0.00010000000000000286,kraken,0.8
2025-05-29 13:57:39.180478,ETAUSD,0.2502,13968.86996,0.2593,0.2463,ETA,-0.0029000000000000137,-1.1457921770051418,0.2479,0.2483,0.0003999999999999837,kraken,0.8
2025-05-29 13:57:39.180478,EUSUSD,0.1997,423882.99972,0.2077,0.1968,EUS,-0.0029000000000000137,-1.431391905231991,0.199,0.1995,0.0005000000000000004,kraken,0.8
2025-05-29 13:57:39.180478,EUSD,0.0326,84567.78216,0.0326,0.03138,E,0.0002899999999999986,0.8975549365521467,0.0324,0.03253,0.0001300000000000051,kraken,0.8
